poliza,documento,articulo,titulo,canonico,pagina,chars
POL120190177,1,1,REGLAS APLICABLES AL CONTRATO,reglas,1,345
POL120190177,1,2,COBERTURA Y MATERIA ASEGURADA,cobertura,1,9182
POL120190177,1,3,LIMITACIONES DE LAS COBERTURAS,limitaciones,3,2873
POL120190177,1,4,DEFINICIONES,definiciones,3,13180
POL120190177,1,5,EXCLUSIONES,exclusiones,6,7358
POL120190177,1,6,OBLIGACIONES DEL ASEGURADO,obligaciones,8,1006
POL120190177,1,7,DECLARACIONES DEL CONTRATANTE Y DEL ASEGURADO,declaraciones,8,425
POL120190177,1,8,PRIMAS Y EFECTO DEL NO PAGO DE LA PRIMA,primas,8,2638
POL120190177,1,9,DENUNCIA DE SINIESTRO,denuncia de siniestro,9,3923
POL120190177,1,10,CALCULO DE LOS GASTOS REEMBOLSABLES,calculo de gastos,10,1777
POL120190177,1,11,"LIQUIDACIÓN DE LOS GASTOS, FORMA DE PAGO Y MONTO MÁXIMO DE GASTOS",liquidacion de gastos,10,4222
POL120190177,1,12,APLICACIÓN DEL DEDUCIBLE,deducible,11,1478
POL120190177,1,13,VIGENCIA Y DURACIÓN DEL CONTRATO DE SEGURO,vigencia,11,646
POL120190177,1,14,INCORPORACIÓN DE ASEGURADOS E INICIO DE LA VIGENCIA DE LA COBERTURA,cobertura,12,1167
POL120190177,1,15,TERMINACIÓN DEL CONTRATO,terminacion,12,2058
POL120190177,1,16,AJUSTE DE LA PRIMA,ajuste de la prima,12,671
POL120190177,1,17,MONEDA O UNIDAD DEL CONTRATO,unidad del contrato,13,1392
POL120190177,1,18,REHABILITACIÓN DE LA PÓLIZA,rehabilitacion,13,969
POL120190177,1,19,CONTRIBUCIONES E IMPUESTOS,impuestos,13,194
POL120190177,1,20,COMUNICACIÓN ENTRE LAS PARTES,comunicaciones,13,1302
POL120190177,1,21,SOLUCIÓN DE CONTROVERSIAS,controversias,14,938
POL120190177,1,22,CLÁUSULAS ADICIONALES,clausulas adicionales,14,238
POL120190177,1,23,DOMICILIO,domicilio,14,194
POL320130223,1,1,REGLAS APLICABLES AL CONTRATO,reglas,1,342
POL320130223,1,2,COBERTURA,cobertura,1,16907
POL320130223,1,3,DEFINICIONES,definiciones,17,10695
POL320130223,1,4,MONTO MÁXIMO DE REEMBOLSO,monto maximo de reembolso,24,239
POL320130223,1,5,DUPLICACIÓN DE BENEFICIOS,duplicacion de beneficios,25,1106
POL320130223,1,6,EXCLUSIONES,exclusiones,26,7689
POL320130223,1,7,RIESGOS CUBIERTOS BAJO ESTIPULACIÓN EXPRESA,riesgos cubiertos,33,376
POL320130223,1,8,OBLIGACIONES DEL ASEGURADO,obligaciones,33,104
POL320130223,1,9,DECLARACIONES DEL ASEGURADO,declaraciones,34,313
POL320130223,1,10,BENEFICIARIOS,beneficiarios,35,155
POL320130223,1,11,PRIMAS Y EFECTO DEL NO PAGO DE LAS PRIMAS,primas,35,711
POL320130223,1,12,DENUNCIO DE SINIESTRO,denuncia de siniestro,36,3179
POL320130223,1,13,VIGENCIA Y TERMINACIÓN DE DE LA PÓLIZA,vigencia,39,3552
POL320130223,1,14,INCORPORACIÓN DE NUEVOS ASEGURADOS,incorporacion,42,1895
POL320130223,1,15,MONEDA O UNIDAD DE LA PÓLIZA,unidad del contrato,44,576
POL320130223,1,16,COMUNICACIONES,comunicaciones,44,1278
POL320130223,1,17,SOLUCIÓN DE CONTROVERSIAS,controversias,45,1156
POL320130223,1,18,DOMICILIO,domicilio,46,194
POL320130223,1,19,CLÁUSULAS ADICIONALES,clausulas adicionales,46,434
POL320150503,1,1,REGLAS APLICABLES AL CONTRATO,reglas,1,347
POL320150503,1,2,COBERTURA Y MATERIA ASEGURADA,cobertura,1,10709
POL320150503,1,3,LIMITACIONES DE LAS COBERTURAS,limitaciones,5,2797
POL320150503,1,4,DEFINICIONES,definiciones,6,13537
POL320150503,1,5,EXCLUSIONES,exclusiones,11,9057
POL320150503,1,6,OBLIGACIONES DEL ASEGURADO,obligaciones,15,962
POL320150503,1,7,DECLARACIONES DEL CONTRATANTE Y DEL ASEGURADO,declaraciones,16,425
POL320150503,1,8,PRIMAS Y EFECTO DEL NO PAGO DE LA PRIMA,primas,16,2701
POL320150503,1,9,DENUNCIA DE SINIESTROS,denuncia de siniestro,17,3870
POL320150503,1,10,CALCULO DE LOS GASTOS REEMBOLSABLES,calculo de gastos,19,1790
POL320150503,1,11,"LIQUIDACION DE LOS GASTOS, FORMA DE PAGO Y MONTO MAXIMO DE GASTOS",liquidacion de gastos,19,4233
POL320150503,1,12,APLICACION DEL DEDUCIBLE,deducible,21,1498
POL320150503,1,13,VIGENCIA Y DURACIÓN DEL CONTRATO DE SEGURO,vigencia,22,645
POL320150503,1,14,INCORPORACIÓN DE ASEGURADOS E INICIO DE LA VIGENCIA DE LA COBERTURA,cobertura,22,1196
POL320150503,1,15,TERMINACIÓN DEL CONTRATO,terminacion,22,2110
POL320150503,1,16,AJUSTE DE LA PRIMA,ajuste de la prima,24,671
POL320150503,1,17,MONEDA O UNIDAD DEL CONTRATO,unidad del contrato,24,1357
POL320150503,1,18,REHABILITACION DE LA PÓLIZA,rehabilitacion,24,972
POL320150503,1,19,CONTRIBUCIONES E IMPUESTOS,impuestos,25,193
POL320150503,1,20,COMUNICACIÓN ENTRE LAS PARTES,comunicaciones,25,1304
POL320150503,1,21,SOLUCIÓN DE CONTROVERSIAS,controversias,25,923
POL320150503,1,22,CLÁUSULAS ADICIONALES,clausulas adicionales,26,244
POL320150503,1,23,DOMICILIO,domicilio,26,194
POL320180100,1,1,REGLAS APLICABLES AL CONTRATO,reglas,1,347
POL320180100,1,2,COBERTURA Y MATERIA ASEGURADA,cobertura,1,6610
POL320180100,1,3,LIMITACIONES DE LAS COBERTURAS,limitaciones,3,3412
POL320180100,1,4,DEFINICIONES,definiciones,4,13668
POL320180100,1,5,EXCLUSIONES,exclusiones,10,6690
POL320180100,1,6,OBLIGACIONES DEL ASEGURADO,obligaciones,13,1012
POL320180100,1,7,DECLARACIONES DEL CONTRATANTE Y DEL ASEGURADO,declaraciones,14,425
POL320180100,1,8,PRIMAS Y EFECTO DEL NO PAGO DE LA PRIMA,primas,14,2701
POL320180100,1,9,DENUNCIA DE SINIESTROS,denuncia de siniestro,15,3870
POL320180100,1,10,CALCULO DE LOS GASTOS REEMBOLSABLES,calculo de gastos,17,1790
POL320180100,1,11,"LIQUIDACION DE LOS GASTOS, FORMA DE PAGO Y MONTO MAXIMO DE GASTOS",liquidacion de gastos,17,4848
POL320180100,1,12,APLICACION DEL DEDUCIBLE,deducible,19,1768
POL320180100,1,13,VIGENCIA Y DURACIÓN DEL CONTRATO DE SEGURO,vigencia,20,645
POL320180100,1,14,INCORPORACIÓN DE ASEGURADOS E INICIO DE LA VIGENCIA DE LA COBERTURA,cobertura,20,1196
POL320180100,1,15,TERMINACIÓN DEL CONTRATO,terminacion,21,2153
POL320180100,1,16,AJUSTE DE LA PRIMA,ajuste de la prima,22,671
POL320180100,1,17,MONEDA O UNIDAD DEL CONTRATO,unidad del contrato,22,1357
POL320180100,1,18,REHABILITACION DE LA PÓLIZA,rehabilitacion,23,972
POL320180100,1,19,CONTRIBUCIONES E IMPUESTOS,impuestos,23,193
POL320180100,1,20,COMUNICACIÓN ENTRE LAS PARTES,comunicaciones,24,1304
POL320180100,1,21,SOLUCIÓN DE CONTROVERSIAS,controversias,24,923
POL320180100,1,22,CLÁUSULAS ADICIONALES,clausulas adicionales,24,244
POL320180100,1,23,DOMICILIO,domicilio,25,194
POL320190074,1,1,REGLAS APLICABLES AL CONTRATO,reglas,1,342
POL320190074,1,2,COBERTURA,cobertura,1,4124
POL320190074,1,3,DEFINICIONES,definiciones,3,5686
POL320190074,1,4,EXCLUSIONES,exclusiones,4,5506
POL320190074,1,5,CARENCIA,carencia,7,277
POL320190074,1,6,OBLIGACIONES DEL ASEGURADO,obligaciones,7,104
POL320190074,1,7,DECLARACIONES DEL ASEGURADO,declaraciones,7,213
POL320190074,1,8,PRIMAS Y EFECTOS DEL NO PAGO DE LAS PRIMAS,primas,7,709
POL320190074,1,9,BENEFICIARIOS,beneficiarios,8,563
POL320190074,1,10,DENUNCIA DE SINIESTROS,denuncia de siniestro,8,2881
POL320190074,1,11,VIGENCIA Y TERMINACIÓN,vigencia,9,1641
POL320190074,1,12,COMUNICACIÓN ENTRE LAS PARTES,comunicaciones,9,1278
POL320190074,1,13,SOLUCIÓN DE CONTROVERSIAS,controversias,9,1148
POL320190074,1,14,CLAUSULAS ADICIONALES,clausulas adicionales,10,238
POL320190074,1,15,DOMICILIO,domicilio,10,303
POL320190074,2,1,COBERTURA,cobertura,11,1055
POL320190074,2,2,EXCLUSIONES,exclusiones,11,3592
POL320190074,2,3,CARENCIA,carencia,13,686
POL320190074,2,4,BENEFICIARIOS,beneficiarios,13,183
POL320190074,2,5,DENUNCIA DE SINIESTRO,denuncia de siniestro,14,1079
POL320190074,2,6,CLÁUSULAS APLICABLES,Cláusulas Aplicables,15,246
POL320130223,3,1,REGLAS APLICABLES AL CONTRATO,reglas,16,342
POL320130223,3,2,COBERTURA,cobertura,16,16907
POL320130223,3,3,DEFINICIONES,definiciones,32,10695
POL320130223,3,4,MONTO MÁXIMO DE REEMBOLSO,monto maximo de reembolso,39,239
POL320130223,3,5,DUPLICACIÓN DE BENEFICIOS,duplicacion de beneficios,40,1106
POL320130223,3,6,EXCLUSIONES,exclusiones,41,7689
POL320130223,3,7,RIESGOS CUBIERTOS BAJO ESTIPULACIÓN EXPRESA,riesgos cubiertos,48,376
POL320130223,3,8,OBLIGACIONES DEL ASEGURADO,obligaciones,48,104
POL320130223,3,9,DECLARACIONES DEL ASEGURADO,declaraciones,49,313
POL320130223,3,10,BENEFICIARIOS,beneficiarios,50,155
POL320130223,3,11,PRIMAS Y EFECTO DEL NO PAGO DE LAS PRIMAS,primas,50,711
POL320130223,3,12,DENUNCIO DE SINIESTRO,denuncia de siniestro,51,3179
POL320130223,3,13,VIGENCIA Y TERMINACIÓN DE DE LA PÓLIZA,vigencia,54,3552
POL320130223,3,14,INCORPORACIÓN DE NUEVOS ASEGURADOS,incorporacion,57,1895
POL320130223,3,15,MONEDA O UNIDAD DE LA PÓLIZA,unidad del contrato,59,576
POL320130223,3,16,COMUNICACIONES,comunicaciones,59,1278
POL320130223,3,17,SOLUCIÓN DE CONTROVERSIAS,controversias,60,1156
POL320130223,3,18,DOMICILIO,domicilio,61,194
POL320130223,3,19,CLÁUSULAS ADICIONALES,clausulas adicionales,61,714
POL320130223,4,1,COBERTURA,cobertura,63,1055
POL320130223,4,2,EXCLUSIONES,exclusiones,63,3596
POL320130223,4,3,CARENCIA,carencia,65,686
POL320130223,4,4,BENEFICIARIOS,beneficiarios,66,183
POL320130223,4,5,DENUNCIA DE SINIESTROS,denuncia de siniestro,66,838
POL320130223,4,6,CLÁUSULAS APLICABLES,Cláusulas Aplicables,67,470
POL320130223,5,1,COBERTURA Y MATERIA ASEGURADA,cobertura,68,1202
POL320130223,5,2,DEFINICIONES,definiciones,68,2506
POL320130223,5,3,EXCLUSIONES,exclusiones,69,4786
POL320130223,5,4,DENUNCIA DE SINIESTROS,denuncia de siniestro,71,3735
POL320130223,5,5,TERMINACIÓN,terminacion,72,526
POL320130223,5,6,CLÁUSULAS APLICABLES,Cláusulas Aplicables,72,141
POL320200071,1,1,REGLAS APLICABLES AL CONTRATO,reglas,1,343
POL320200071,1,2,COBERTURA,cobertura,1,3716
POL320200071,1,3,DESCRIPCIÓN DE LAS COBERTURAS,descripcion de coberturas,2,8336
POL320200071,1,4,LIMITACIONES DE LAS COBERTURAS,limitaciones,4,2157
POL320200071,1,5,DEFINICIONES,definiciones,5,11631
POL320200071,1,6,EXCLUSIONES,exclusiones,8,8533
POL320200071,1,7,OBLIGACIONES DEL ASEGURADO,obligaciones,10,967
POL320200071,1,8,DECLARACIONES DEL ASEGURADO E INDISPUTABILIDAD,declaraciones,11,2424
POL320200071,1,9,VIGENCIA Y DURACION DEL CONTRATO DE SEGURO,vigencia,11,1082
POL320200071,1,10,PRIMA Y EFECTOS DEL NO PAGO DE LA PRIMA,primas,12,2722
POL320200071,1,11,DENUNCIA DE SINIESTRO,denuncia de siniestro,12,3878
POL320200071,1,12,CÁLCULO DE LOS GASTOS REEMBOLSABLES,calculo de gastos,13,1633
POL320200071,1,13,TÉRMINO DEL CONTRATO DE SEGURO,terminacion,14,2555
POL320200071,1,14,IMPUESTOS,impuestos,15,473
POL320200071,1,15,MONEDA O UNIDAD DEL CONTRATO DE SEGURO,unidad del contrato,15,1020
POL320200071,1,16,COMUNICACION ENTRE LAS PARTES,comunicaciones,15,1280
POL320200071,1,17,SOLUCION DE CONTROVERSIAS,controversias,15,1419
POL320200071,1,18,DERECHO DE RETRACTO,retracto,16,548
POL320200071,1,19,DOMICILIO,domicilio,16,194
POL320200071,1,20,CLÁUSULAS ADICIONALES,clausulas adicionales,16,512
POL320160108,2,1,REGLAS APLICABLES AL CONTRATO,reglas,17,342
POL320160108,2,2,COBERTURA Y MATERIA ASEGURADA,cobertura,17,5643
POL320160108,2,3,LIMITACIONES DE LA COBERTURA,limitaciones,18,219
POL320160108,2,4,EXCLUSIONES,exclusiones,19,1934
POL320160108,2,5,OBLIGACIONES DEL ASEGURADO,obligaciones,19,967
POL320160108,2,6,DECLARACIONES DEL ASEGURADO E INDISPUTABILIDAD,declaraciones,20,2424
POL320160108,2,7,VIGENCIA Y DURACION DEL CONTRATO DE SEGURO,vigencia,20,1082
POL320160108,2,8,PRIMA Y EFECTOS DEL NO PAGO DE LA PRIMA,primas,20,2723
POL320160108,2,9,DENUNCIA DE SINIESTRO,denuncia de siniestro,21,830
POL320160108,2,10,REQUISITOS PARA EL PAGO DE SINIESTRO,denuncia de siniestro,22,1749
POL320160108,2,11,PAGO DE SINIESTRO,denuncia de siniestro,22,847
POL320160108,2,12,TÉRMINO DEL CONTRATO DE SEGURO,terminacion,22,3215
POL320160108,2,13,REHABILITACION DEL CONTRATO DE SEGURO,rehabilitacion,23,730
POL320160108,2,14,IMPUESTOS,impuestos,24,473
POL320160108,2,15,MONEDA O UNIDAD DEL CONTRATO DE SEGURO,unidad del contrato,24,1022
POL320160108,2,16,COMUNICACION ENTRE LAS PARTES,comunicaciones,24,447
POL320160108,2,17,SOLUCION DE CONTROVERSIAS,controversias,24,1359
POL320160108,2,18,DERECHO DE RETRACTO,retracto,25,548
POL320160108,2,19,DOMICILIO,domicilio,25,194
POL320160108,2,20,DEFINICIONES,definiciones,25,1594
POL320200214,1,1,REGLAS APLICABLES AL CONTRATO,reglas,1,703
POL320200214,1,2,COBERTURA,cobertura,1,1096
POL320200214,1,3,DEFINICIONES,definiciones,2,25420
POL320200214,1,4,EXCLUSIONES,exclusiones,16,16378
POL320200214,1,5,DEDUCIBLE,deducible,24,2016
POL320200214,1,6,COPAGO,copago,25,2606
POL320200214,1,7,OBLIGACIONES DEL ASEGURADO,obligaciones,26,1076
POL320200214,1,8,DECLARACIONES DEL ASEGURADO,declaraciones,27,3242
POL320200214,1,9,AGRAVACIÓN DEL RIESGO,agravacion del riesgo,29,557
POL320200214,1,10,PRIMAS Y EFECTOS DEL NO PAGO DE LAS PRIMAS,primas,29,2231
POL320200214,1,11,OTROS SEGUROS O COBERTURAS VIGENTES,otros seguros,31,1626
POL320200214,1,12,DENUNCIA DE SINIESTROS,denuncia de siniestro,31,5495
POL320200214,1,13,VIGENCIA,vigencia,35,1658
POL320200214,1,14,TERMINACIÓN,terminacion,36,4045
POL320200214,1,15,MODIFICACIONES A LA PÓLIZA,modificaciones,37,3404
POL320200214,1,16,PAÍS DE RESIDENCIA,pais de residencia,39,771
POL320200214,1,17,COMUNICACIÓN ENTRE LAS PARTES,comunicaciones,40,1266
POL320200214,1,18,SOLUCIÓN DE CONTROVERSIAS,controversias,40,1816
POL320200214,1,19,CLÁUSULAS ADICIONALES,clausulas adicionales,41,236
POL320200214,1,20,DOMICILIO,domicilio,41,436
POL320210063,1,1,Reglas,reglas,1,1709
POL320210063,1,4,Cobertura,cobertura,1,2014
POL320210063,1,6,Primas,primas,2,155
POL320210063,1,7,Exclusiones,exclusiones,2,2160
POL320210063,1,8,Denuncia de siniestro,denuncia de siniestro,3,6740
POL320210063,1,13,Otros seguros,otros seguros,5,244
POL320210063,1,14,Terminacion,terminacion,5,181
POL320210063,1,15,Vigencia,vigencia,5,90
POL320210063,1,16,Deducible,deducible,5,593
POL320210063,1,18,Rehabilitacion,rehabilitacion,5,261
POL320210063,1,19,Controversias,controversias,5,1282
POL320210063,1,20,Comunicaciones,comunicaciones,6,628
POL320210210,1,1,REGLAS APLICABLES AL CONTRATO,reglas,1,342
POL320210210,1,2,COBERTURA,cobertura,1,4147
POL320210210,1,3,DEFINICIONES,definiciones,2,5787
POL320210210,1,4,EXCLUSIONES,exclusiones,4,5502
POL320210210,1,5,CARENCIA,carencia,7,277
POL320210210,1,6,OBLIGACIONES DEL ASEGURADO,obligaciones,7,104
POL320210210,1,7,DECLARACIONES DEL ASEGURADO,declaraciones,7,213
POL320210210,1,8,PRIMAS Y EFECTOS DEL NO PAGO DE LAS PRIMAS,primas,7,709
POL320210210,1,9,BENEFICIARIOS,beneficiarios,7,563
POL320210210,1,10,DENUNCIA DE SINIESTROS,denuncia de siniestro,8,2882
POL320210210,1,11,VIGENCIA Y TERMINACIÓN,vigencia,8,1641
POL320210210,1,12,COMUNICACIÓN ENTRE LAS PARTES,comunicaciones,9,1278
POL320210210,1,13,SOLUCIÓN DE CONTROVERSIAS,controversias,9,1148
POL320210210,1,14,CLAUSULAS ADICIONALES,clausulas adicionales,10,238
POL320210210,1,15,DOMICILIO,domicilio,10,169
